<?xml version="1.0" encoding="UTF-8"?>
<project-private xmlns="http://www.netbeans.org/ns/project-private/1">
    <editor-bookmarks xmlns="http://www.netbeans.org/ns/editor-bookmarks/2" lastBookmarkId="0"/>
    <open-files xmlns="http://www.netbeans.org/ns/projectui-open-files/2">
        <group>
            <file>file:/C:/Users/Amrita/Documents/NetBeansProjects/Hospital%20MS/src/addnewpatientrecord.java</file>
            <file>file:/C:/Users/Amrita/Documents/NetBeansProjects/Hospital%20MS/src/Login.java</file>
            <file>file:/C:/Users/Amrita/Documents/NetBeansProjects/Hospital%20MS/src/UpdatePatientRecord.java</file>
            <file>file:/C:/Users/Amrita/Documents/NetBeansProjects/Hospital%20MS/src/Fullhistoryofpatient.java</file>
            <file>file:/C:/Users/Amrita/Documents/NetBeansProjects/Hospital%20MS/src/Project/ConnectionProvider.java</file>
            <file>file:/C:/Users/Amrita/Documents/NetBeansProjects/Hospital%20MS/src/HospitalBranches.java</file>
            <file>file:/C:/Users/Amrita/Documents/NetBeansProjects/Hospital%20MS/src/addDiagnosisinformation.java</file>
            <file>file:/C:/Users/Amrita/Documents/NetBeansProjects/Hospital%20MS/src/HospitalInformation.java</file>
            <file>file:/C:/Users/Amrita/Documents/NetBeansProjects/Hospital%20MS/src/Bill.java</file>
            <file>file:/C:/Users/Amrita/Documents/NetBeansProjects/Hospital%20MS/src/login_doc.java</file>
            <file>file:/C:/Users/Amrita/Documents/NetBeansProjects/Hospital%20MS/src/Doctor.java</file>
            <file>file:/C:/Users/Amrita/Documents/NetBeansProjects/Hospital%20MS/src/Home.java</file>
            <file>file:/C:/Users/Amrita/Documents/NetBeansProjects/Hospital%20MS/src/Login_option.java</file>
            <file>file:/C:/Users/Amrita/Documents/NetBeansProjects/Hospital%20MS/src/Wards.java</file>
        </group>
    </open-files>
</project-private>
